sku,fsn,product_title,lag_1,lag_2,lag_3,lag_4,month,week_of_year,predicted_demand,predicted_units,forecast_week
SKU:7-6-4 BOX,CPXHHJHZM4RSF3ZF,QLBY Corrugated Cardboard Packaging  Store  E commerce Packaging Box Pack of 25 Brown,1.0,3.0,2.0,2.0,9,37,1.0479999999999998,1,2026-09-07
SKU:BLK-1-PK,DUPHHD5EGHJACB86,Mehsha Georgette Solid Women Dupatta,4.0,8.0,2.0,1.0,9,37,7.06,7,2026-09-07
SKU:BLK-CP-PLN,CAPHKHN3HQYEFH3Y,angar look Self Design Sports/Regular Cap,0.0,0.0,0.0,1.0,9,37,0.014707132866218886,0,2026-09-07
SKU:BLK-CRM-NVY-PK3,DUPHKHQ7JQXZFHUX,Mehsha Georgette Solid Women Dupatta,0.0,5.0,0.0,1.0,9,37,1.195,1,2026-09-07
SKU:BLK-KNG-CP,CAPH3WQGHVYARYBJ,HouseOfCommon Self Design Sports/Regular Cap,0.0,0.0,0.0,0.0,9,37,0.04279276547144943,0,2026-09-07
SKU:BLK-NVY-PK2,DUPHHJE7ZGEGUJDE,Mehsha Georgette Solid Women Dupatta,0.0,0.0,0.0,0.0,9,37,0.04279276547144943,0,2026-09-07
SKU:BLK-PK2,DUPHHKKB9598PWHD,Mehsha Georgette Solid Women Dupatta,0.0,1.0,1.0,0.0,9,37,1.4170000000000003,1,2026-09-07
SKU:BLK-RED-PK2,DUPHHJE7TF2DTTFK,Mehsha Georgette Solid Women Dupatta,0.0,0.0,0.0,0.0,9,37,0.04279276547144943,0,2026-09-07
SKU:BRN-PK2,DUPHHKKB65AWU6FG,Mehsha Georgette Solid Women Dupatta,0.0,0.0,0.0,0.0,9,37,0.04279276547144943,0,2026-09-07
SKU:CP-MP-BLK-HAT,CAPGA93V7WJKYFYM,naimath fashion Solid Sports/Regular Cap,0.0,0.0,0.0,0.0,9,37,0.04279276547144943,0,2026-09-07
SKU:CP-MP-NY-BLK-1PK,CAPHHGRYZM6UKZXY,Rigzy Solid Sports/Regular Cap,0.0,0.0,0.0,1.0,9,37,0.014707132866218886,0,2026-09-07
SKU:CP-MP-PLN-WHT-CAP-1PK,CAPHJU73PCWXHVRK,Rigzy Trend Self Design Sports/Regular Cap,0.0,0.0,0.0,0.0,9,37,0.04279276547144943,0,2026-09-07
SKU:CRM-PK2,DUPHHKKB2DM45QB8,Mehsha Georgette Solid Women Dupatta,0.0,0.0,0.0,0.0,9,37,0.04279276547144943,0,2026-09-07
SKU:CRM-WHT-BLK-PK3,DUPHH7FXWKRB7PGP,Mehsha Georgette Solid Women Dupatta,0.0,0.0,0.0,0.0,9,37,0.04279276547144943,0,2026-09-07
SKU:GRN-1-PK,DUPHGP42H7H6ZCFZ,Mehsha Chiffon Solid Women Dupatta,0.0,0.0,0.0,0.0,9,37,0.04279276547144943,0,2026-09-07
SKU:GRN-1PK,DUPHGP54NG4HJZD9,MEHSHAA Georgette Solid Women Dupatta,1.0,0.0,0.0,0.0,9,37,0.39623881673881683,0,2026-09-07
SKU:GRN-3-PK,DUPHGGM3RGBZ4AYA,Mehsha Georgette Solid Women Dupatta,0.0,0.0,0.0,0.0,9,37,0.04279276547144943,0,2026-09-07
SKU:GRN-GLV1,SGEHGZY8QYHHSCWU,Mehsha Full Finger Sports Gloves for Men & Women | Anti-Slip Cycling & Gym Gloves Cycling Gloves Multicolor,0.0,0.0,0.0,0.0,9,37,0.04279276547144943,0,2026-09-07
SKU:GRN-PK2,DUPHHKKBG4JTCV8K,Mehsha Georgette Solid Women Dupatta,0.0,0.0,0.0,1.0,9,37,0.014707132866218886,0,2026-09-07
SKU:GRY-3-PK,DUPHGGNQMYJRYVMD,Mehsha Georgette Solid Women Dupatta,0.0,0.0,0.0,0.0,9,37,0.04279276547144943,0,2026-09-07
SKU:GRY-BLK P2,DUPHGVGHBX7VFYYD,Mehsha Chiffon Solid Women Dupatta,1.0,1.0,0.0,0.0,9,37,0.03219047619047619,0,2026-09-07
SKU:GRY-PK2,DUPHHKKBMVGSVYH7,Mehsha Georgette Solid Women Dupatta,0.0,0.0,0.0,1.0,9,37,0.014707132866218886,0,2026-09-07
SKU:LVN-1-PK,DUPHGP4M5NPEYM78,MEHSHAA Georgette Solid Women Dupatta,2.0,0.0,0.0,1.0,9,37,0.6690595238095238,1,2026-09-07
SKU:LVN-PK2,DUPHHKKB7RHYFURR,Mehsha Georgette Solid Women Dupatta,0.0,0.0,0.0,0.0,9,37,0.04279276547144943,0,2026-09-07
SKU:MRN-1-PK,DUPHGP4GSMZQHTQD,MEHSHAA Georgette Solid Women Dupatta,0.0,1.0,0.0,0.0,9,37,0.015,0,2026-09-07
SKU:MRN-3-PK,DUPHGGZHV6XRFJTZ,Mehsha Georgette Solid Women Dupatta,0.0,0.0,1.0,0.0,9,37,0.3729260461760461,0,2026-09-07
SKU:MRN-PK2,DUPHHKKB9KR6TUPY,Mehsha Georgette Solid Women Dupatta,0.0,0.0,0.0,4.0,9,37,0.06055082742316784,0,2026-09-07
SKU:MULTI-FAUX.,EARHGCH3FNZ9Q7MN,Mehsha Kids Cat Ear Muffler for winter Ear Muff Pack of 1,0.0,0.0,0.0,0.0,9,37,0.04279276547144943,0,2026-09-07
SKU:NVY-3-PK,DUPHGGZ96PCAWG5H,Mehsha Georgette Solid Women Dupatta,0.0,0.0,0.0,1.0,9,37,0.014707132866218886,0,2026-09-07
SKU:NVY-PK2,DUPHHKKBGEG4BBF8,Mehsha Georgette Solid Women Dupatta,0.0,0.0,0.0,0.0,9,37,0.04279276547144943,0,2026-09-07
SKU:NVYBLU-1-PK,DUPHGP47HQ5GQ6KJ,MEHSHAA Georgette Solid Women Dupatta,2.0,0.0,1.0,1.0,9,37,0.509,1,2026-09-07
SKU:PCH-1-PK,DUPHGP4VWCHQEHFS,MEHSHAA Georgette Solid Women Dupatta,0.0,0.0,0.0,0.0,9,37,0.04279276547144943,0,2026-09-07
SKU:PNK-1-PK,DUPHGP4QWEXUAYPB,MEHSHAA Georgette Solid Women Dupatta,1.0,0.0,0.0,0.0,9,37,0.39623881673881683,0,2026-09-07
SKU:RC-AQUASTAR-PNK,RNCHPF2FPCVP4ZWZ,Mehsha Solid Women Raincoat,0.0,0.0,0.0,0.0,9,37,0.04279276547144943,0,2026-09-07
SKU:RC-AQUASTAR-WHT,RNCHPF2F2RHYHYC3,Mehsha Solid Women Raincoat,0.0,0.0,0.0,0.0,9,37,0.04279276547144943,0,2026-09-07
SKU:RC-BLK-FREEDOM,RNCHPCRMBHFFNNH2,Mehsha Solid Men Rain Suit,0.0,0.0,0.0,0.0,9,37,0.04279276547144943,0,2026-09-07
SKU:RC-GRY-FREEDOM-XL,RNCHPCRM9ZHS8JBK,Mehsha Solid Men Rain Suit,0.0,0.0,0.0,0.0,9,37,0.04279276547144943,0,2026-09-07
SKU:RC-GRY-FREEDOM-XXL,RNCHPCRM5JRZ9KND,Mehsha Solid Men Rain Suit,0.0,0.0,0.0,0.0,9,37,0.04279276547144943,0,2026-09-07
SKU:RC-MRN-FREEDOM-XXL,RNCHPCRMUGCY9FMS,Mehsha Solid Men Rain Suit,0.0,0.0,0.0,0.0,9,37,0.04279276547144943,0,2026-09-07
SKU:RC-MRN-XL-FREEDOM,RNCHPCRMV9REGPSU,Mehsha Solid Men Rain Suit,0.0,0.0,0.0,0.0,9,37,0.04279276547144943,0,2026-09-07
SKU:RC-WINGS-BLU,RNCHPH7BXG7CH2RC,Mehsha Checkered Men Rain Suit,0.0,0.0,0.0,0.0,9,37,0.04279276547144943,0,2026-09-07
SKU:RC-WINGS-GRN,RNCHPH7BE2DTYYUB,Mehsha Checkered Men Rain Suit,0.0,0.0,0.0,0.0,9,37,0.04279276547144943,0,2026-09-07
SKU:RC-WINGS-GRY,RNCHPH7BZHEHQ6XH,Mehsha Checkered Men Rain Suit,0.0,0.0,0.0,0.0,9,37,0.04279276547144943,0,2026-09-07
SKU:RD-PK2,DUPHHKKBPXBCKFWR,Mehsha Georgette Solid Women Dupatta,0.0,0.0,0.0,0.0,9,37,0.04279276547144943,0,2026-09-07
SKU:RED-1PK,DUPHGP68GSXFQURD,Mehsha Chiffon Solid Women Dupatta,0.0,0.0,0.0,1.0,9,37,0.014707132866218886,0,2026-09-07
SKU:RED-3-PK,DUPHGP6DGZPHCZJT,Mehsha Georgette Solid Women Dupatta,0.0,0.0,0.0,0.0,9,37,0.04279276547144943,0,2026-09-07
SKU:RED-NVY-PK2,DUPHHJE7BXZTKSAT,Mehsha Georgette Solid Women Dupatta,0.0,0.0,0.0,0.0,9,37,0.04279276547144943,0,2026-09-07
SKU:ST-CRM-1PK,DUPHHD5EFQ4XWQKD,Mehsha Georgette Solid Women Dupatta,1.0,10.0,9.0,4.0,9,37,2.405,2,2026-09-07
SKU:ST-GRN-1PK,DUPHHD5EC3JZHFWZ,Mehsha Georgette Solid Women Dupatta,0.0,0.0,0.0,0.0,9,37,0.04279276547144943,0,2026-09-07
SKU:ST-GRY-1PK,DUPHHD5EWFSRZ7GM,Mehsha Georgette Solid Women Dupatta,0.0,0.0,0.0,0.0,9,37,0.04279276547144943,0,2026-09-07
SKU:ST-LVN-1PK,DUPHHD5EYSJDGCTM,Mehsha Georgette Solid Women Dupatta,2.0,3.0,4.0,0.0,9,37,2.16,2,2026-09-07
SKU:ST-MP-BLK-GRY-CRM-3PK,SCFHGKBGAGYAYPHR,arina Solid Georgette Women Stole,1.0,3.0,1.0,1.0,9,37,1.06,1,2026-09-07
SKU:ST-MP-GRN-1PK,SCFH8Z7QAYH6QNPY,AyezaHijab Solid Chiffon  Georgette Women Scarf  Fancy Scarf  Stole,1.0,0.0,2.0,0.0,9,37,0.9431805555555559,1,2026-09-07
SKU:ST-MP-GRY-1PK,SCFHJFV6ZM3VHDXH,Habibisfashion Solid Georgette Women Faux Turtleneck Neck Cover  Scarf  Bluetooth Scarf  Fancy Scarf,2.0,4.0,2.0,2.0,9,37,1.6383333333333332,2,2026-09-07
SKU:ST-MP-NVY-1-PK,SCFHJF7HPAJ2S8VT,Habibisfashion Solid Georgette  Chiffon Women Faux Turtleneck Neck Cover  Scarf  Bluetooth Scarf  Fancy Scarf  Stole,0.0,0.0,1.0,0.0,9,37,0.3729260461760461,0,2026-09-07
SKU:ST-MP-PCH-1PK,SCFHFJJ2EH5FBFFC,Habibisfashion Solid Chiffon  Georgette Women Faux Turtleneck Neck Cover  Scarf  Bluetooth Scarf  Fancy Scarf  Stole,0.0,0.0,0.0,0.0,9,37,0.04279276547144943,0,2026-09-07
SKU:ST-MP-PCH-BLK-CRM-PK3,SCFH8JG3TSY2K4HM,Hijab Solid Georgette Women Scarf  Stole,0.0,0.0,0.0,0.0,9,37,0.04279276547144943,0,2026-09-07
SKU:ST-MP-PCH-PK1,SCFGX33YW5DZAAGZ,ALHAMZAH Solid Georgette Women Stole  Scarf,0.0,0.0,0.0,0.0,9,37,0.04279276547144943,0,2026-09-07
SKU:ST-MP-WHT-BLK-PK2,SCFHKVK2E2ZSJPCK,HIJAB FASHION Solid Georgette Women Stole,0.0,2.0,1.0,1.0,9,37,1.055,1,2026-09-07
SKU:ST-NVY-1PK,DUPHHD5EZVCQYVYY,Mehsha Georgette Solid Women Dupatta,0.0,1.0,1.0,0.0,9,37,1.4170000000000003,1,2026-09-07
SKU:ST-PCH-1PK,DUPHHD5E2JAWXJPQ,Mehsha Georgette Solid Women Dupatta,1.0,2.0,0.0,0.0,9,37,0.67,1,2026-09-07
SKU:ST-RED-1PK,DUPHHD5EXWWG5FSM,Mehsha Georgette Solid Women Dupatta,0.0,0.0,0.0,1.0,9,37,0.014707132866218886,0,2026-09-07
SKU:ST-WHT-1PK-,DUPHHD5EC5WADURX,Mehsha Georgette Solid Women Dupatta,2.0,3.0,5.0,1.0,9,37,1.985,2,2026-09-07
SKU:WHT BLK P2,DUPHGC2JHKEEZDDH,Mehsha Chiffon Solid Women Dupatta,1.0,1.0,1.0,1.0,9,37,0.373,0,2026-09-07
SKU:WHT-1PK,DUPHGP3HTN3UBYAN,MEHSHAA Georgette Solid Women Dupatta,0.0,0.0,0.0,0.0,9,37,0.04279276547144943,0,2026-09-07
SKU:WHT-3-PK,DUPHGGMMAE7N6MHC,Mehsha Georgette Solid Women Dupatta,0.0,2.0,1.0,0.0,9,37,1.295,1,2026-09-07
SKU:WHT-BLK-PK2,DUPHHJE7VDQJZGUC,Mehsha Georgette Solid Women Dupatta,0.0,1.0,0.0,0.0,9,37,0.015,0,2026-09-07
SKU:WHT-CRM-BLK-PK3,DUPHKHPJYJC8AUDV,Mehsha Georgette Solid Women Dupatta,1.0,0.0,2.0,0.0,9,37,0.9431805555555559,1,2026-09-07
SKU:WHT-CRM-NVY-3PK,DUPHKHPZ6VB2PHGB,Mehsha Georgette Solid Women Dupatta,1.0,1.0,0.0,0.0,9,37,0.03219047619047619,0,2026-09-07
SKU:WHT-PK2,DUPHHKKBHSDRA5KB,Mehsha Georgette Solid Women Dupatta,0.0,0.0,0.0,0.0,9,37,0.04279276547144943,0,2026-09-07
SKU:WHT-RED-PK2,DUPHHJE7RRSZAQ9G,Mehsha Georgette Solid Women Dupatta,0.0,0.0,0.0,1.0,9,37,0.014707132866218886,0,2026-09-07
SKU:black 1 pc,DUPHC6S7UPPYJXA4,Mehsha Chiffon Solid Women Dupatta,8.0,4.0,6.0,9.0,9,37,5.7,6,2026-09-07
SKU:black pack of 3,DUPHBTHMCHSNY4WJ,Mehsha Georgette Solid Women Dupatta,0.0,0.0,1.0,0.0,9,37,0.3729260461760461,0,2026-09-07
SKU:black scraf for women,DUPHF9GGTNYMZHSE,MEHSHAA Georgette Solid Women Dupatta,0.0,0.0,0.0,0.0,9,37,0.04279276547144943,0,2026-09-07
SKU:cream pack 1,DUPHBRDXJM2BF2DV,Mehsha Chiffon Solid Women Dupatta,11.0,5.0,5.0,2.0,9,37,4.485,4,2026-09-07
SKU:grey pack 1,DUPHC6SENBQXEGSF,Mehsha Chiffon Solid Women Dupatta,0.0,0.0,1.0,0.0,9,37,0.3729260461760461,0,2026-09-07
SKU:grey scraf for women,DUPHF9GG7Y8GP2HM,Mehsha Chiffon Solid Women Dupatta,0.0,1.0,0.0,0.0,9,37,0.015,0,2026-09-07
SKU:lavender pack 1,DUPHCASGKWHZQKAA,Mehsha Chiffon Solid Women Dupatta,0.0,1.0,1.0,0.0,9,37,1.4170000000000003,1,2026-09-07
SKU:light pink pack 1,DUPHCTQ6A5FKUGHD,Mehsha Chiffon Solid Women Dupatta,0.0,0.0,0.0,0.0,9,37,0.04279276547144943,0,2026-09-07
SKU:maroon pack 1,DUPHEBJ23U8PYYN5,Mehsha Chiffon Solid Women Dupatta,0.0,3.0,1.0,0.0,9,37,1.265,1,2026-09-07
SKU:matifa-blk-crm-pk2,DUPHH7HPHPT3J7GG,MATIFA Georgette Solid Women Dupatta,1.0,2.0,0.0,0.0,9,37,0.67,1,2026-09-07
SKU:matifa-mrn-blk-pk2,DUPHJHJZSVFFSCRE,MATIFA Georgette Solid Women Dupatta,9.0,4.0,9.0,1.0,9,37,8.785,9,2026-09-07
SKU:matifa-nvy-mrn-pk2,DUPHHFSYZGTRZ7QE,MATIFA Georgette Solid Women Dupatta,0.0,1.0,1.0,0.0,9,37,1.4170000000000003,1,2026-09-07
SKU:matifa-wht-pk2,DUPHJFHMWHGTJHNV,MATIFA Georgette Solid Women Dupatta,0.0,0.0,0.0,0.0,9,37,0.04279276547144943,0,2026-09-07
SKU:mp-hbf-wht-1pk,SCFGQ26FZ4MEWWKA,Habibisfashion Solid Georgette Women Scarf  Fancy Scarf  Stole,5.0,0.0,3.0,5.0,9,37,2.515,3,2026-09-07
SKU:navy p1,DUPHCNGYMBHSS4PH,Mehsha Chiffon Solid Women Dupatta,0.0,2.0,2.0,0.0,9,37,1.495,1,2026-09-07
SKU:navy p2,DUPHCNGYCZBTGRMQ,Mehsha Chiffon Solid Women Dupatta,0.0,0.0,0.0,0.0,9,37,0.04279276547144943,0,2026-09-07
SKU:navy p3,DUPHCNGY67VKHFJ2,Mehsha Chiffon Solid Women Dupatta,0.0,0.0,0.0,0.0,9,37,0.04279276547144943,0,2026-09-07
SKU:peach pack 1,DUPHEBGQZYJKZTCA,Mehsha Georgette Solid Women Dupatta,0.0,0.0,0.0,0.0,9,37,0.04279276547144943,0,2026-09-07
SKU:sky blue pack 1,DUPHCTQ4FCZUDHGP,Mehsha Chiffon Solid Women Dupatta,0.0,3.0,0.0,0.0,9,37,0.935,1,2026-09-07
SKU:sp_cream pack 1,XDSHF3XPWAVGCGVS,MEHSHA Chiffon Women Dupatta,0.0,0.0,0.0,0.0,9,37,0.04279276547144943,0,2026-09-07
SKU:sp_lavender pack 1,XDSHF3XZKHRKV7ST,MEHSHA Chiffon Women Dupatta,0.0,0.0,0.0,0.0,9,37,0.04279276547144943,0,2026-09-07
SKU:sp_light pink pack 1,XDSHF3XZGPGZQ5MQ,MEHSHA Chiffon Women Dupatta,0.0,0.0,0.0,0.0,9,37,0.04279276547144943,0,2026-09-07
SKU:sp_navy p1,XDSHF3XZTQADXQV9,MEHSHA Chiffon Women Dupatta,0.0,0.0,0.0,0.0,9,37,0.04279276547144943,0,2026-09-07
SKU:sp_peach pack 1,XDSHF3XZPBZEGVZB,MEHSHA Chiffon Women Dupatta,0.0,0.0,0.0,0.0,9,37,0.04279276547144943,0,2026-09-07
SKU:st-mp-blk-1pk,DUPHG9DFSKGGVGZR,HURAFASHIONSAB Georgette Solid Women Dupatta,1.0,0.0,1.0,1.0,9,37,0.4199007936507936,0,2026-09-07
SKU:st-mp-wht-blk-pk2,DUPHHHBZHFT65FFC,MATIFA Georgette Solid Women Dupatta,2.0,6.0,3.0,5.0,9,37,2.04,2,2026-09-07
SKU:white black grey pack 3,DUPHBTHWNN3E7PXZ,Mehsha Georgette Solid Women Dupatta,1.0,0.0,3.0,5.0,9,37,2.6159999999999997,3,2026-09-07
SKU:white black pack 2,DUPHBTHCGMHJYYYM,Mehsha Georgette Solid Women Dupatta,0.0,0.0,0.0,0.0,9,37,0.04279276547144943,0,2026-09-07
SKU:white pack 1,DUPHCARXHGJTD7MJ,Mehsha Chiffon Solid Women Dupatta,0.0,1.0,3.0,6.0,9,37,4.16,4,2026-09-07
